<?xml version='1.0' encoding='UTF-8'?>
<?artifactRepository version='1.1.0'?>
<repository name='Bundle pool' type='org.eclipse.equinox.p2.artifact.repository.simpleRepository' version='1'>
  <properties size='2'>
    <property name='p2.system' value='true'/>
    <property name='p2.timestamp' value='1268021918589'/>
  </properties>
  <mappings size='3'>
    <rule filter='(&amp; (classifier=osgi.bundle))' output='${repoUrl}/plugins/${id}_${version}.jar'/>
    <rule filter='(&amp; (classifier=binary))' output='${repoUrl}/binary/${id}_${version}'/>
    <rule filter='(&amp; (classifier=org.eclipse.update.feature))' output='${repoUrl}/features/${id}_${version}.jar'/>
  </mappings>
  <artifacts size='101'>
    <artifact classifier='osgi.bundle' id='org.eclipse.core.net' version='1.2.1.r35x_20090812-1200'>
      <properties size='2'>
        <property name='artifact.size' value='64247'/>
        <property name='download.size' value='64247'/>
      </properties>
    </artifact>
    <artifact classifier='osgi.bundle' id='org.eclipse.equinox.frameworkadmin.equinox' version='1.0.101.R35x_v20091214'>
      <properties size='2'>
        <property name='artifact.size' value='61543'/>
        <property name='download.size' value='61543'/>
      </properties>
    </artifact>
    <artifact classifier='osgi.bundle' id='org.eclipse.emf.common.ui' version='2.5.0.v200906151043'>
      <properties size='2'>
        <property name='artifact.size' value='124374'/>
        <property name='download.size' value='124374'/>
      </properties>
    </artifact>
    <artifact classifier='osgi.bundle' id='org.eclipse.core.runtime.compatibility.auth' version='3.2.100.v20090413'>
      <properties size='2'>
        <property name='artifact.size' value='21559'/>
        <property name='download.size' value='21559'/>
      </properties>
    </artifact>
    <artifact classifier='osgi.bundle' id='org.eclipse.equinox.frameworkadmin' version='1.0.100.v20090520-1905'>
      <properties size='2'>
        <property name='artifact.size' value='33630'/>
        <property name='download.size' value='33630'/>
      </properties>
    </artifact>
    <artifact classifier='osgi.bundle' id='org.eclipse.ui.forms' version='3.4.1.v20090714_35x'>
      <properties size='2'>
        <property name='artifact.size' value='296330'/>
        <property name='download.size' value='296330'/>
      </properties>
    </artifact>
    <artifact classifier='osgi.bundle' id='org.eclipse.emf.edit' version='2.5.0.v200906151043'>
      <properties size='2'>
        <property name='artifact.size' value='261373'/>
        <property name='download.size' value='261373'/>
      </properties>
    </artifact>
    <artifact classifier='osgi.bundle' id='org.eclipse.equinox.p2.exemplarysetup' version='1.0.100.v20090520-1905'>
      <properties size='2'>
        <property name='artifact.size' value='8414'/>
        <property name='download.size' value='8414'/>
      </properties>
    </artifact>
    <artifact classifier='osgi.bundle' id='org.eclipse.ui.ide' version='3.5.2.M20100113-0800'>
      <properties size='2'>
        <property name='artifact.size' value='2067353'/>
        <property name='download.size' value='2067353'/>
      </properties>
    </artifact>
    <artifact classifier='osgi.bundle' id='org.eclipse.equinox.launcher.gtk.linux.x86' version='1.0.200.v20090520'>
      <properties size='2'>
        <property name='artifact.size' value='4096'/>
        <property name='download.size' value='62404'/>
      </properties>
      <repositoryProperties size='1'>
        <property name='artifact.folder' value='true'/>
      </repositoryProperties>
    </artifact>
    <artifact classifier='osgi.bundle' id='org.eclipse.ecf' version='3.0.0.v20090831-1906'>
      <properties size='2'>
        <property name='artifact.size' value='86274'/>
        <property name='download.size' value='86274'/>
      </properties>
    </artifact>
    <artifact classifier='osgi.bundle' id='org.eclipse.equinox.concurrent' version='1.0.1.R35x_v20100209'>
      <properties size='2'>
        <property name='artifact.size' value='19844'/>
        <property name='download.size' value='19844'/>
      </properties>
    </artifact>
    <artifact classifier='osgi.bundle' id='org.eclipse.equinox.p2.garbagecollector' version='1.0.100.v20090520-1905'>
      <properties size='2'>
        <property name='artifact.size' value='21556'/>
        <property name='download.size' value='21556'/>
      </properties>
    </artifact>
    <artifact classifier='osgi.bundle' id='org.eclipse.swt.gtk.linux.x86' version='3.5.2.v3557f'>
      <properties size='2'>
        <property name='artifact.size' value='2123696'/>
        <property name='download.size' value='2123696'/>
      </properties>
    </artifact>
    <artifact classifier='osgi.bundle' id='com.skratchdot.electribe.model.esx.editor' version='1.0.0.201003072304'>
      <properties size='2'>
        <property name='artifact.size' value='4096'/>
        <property name='download.size' value='219830'/>
      </properties>
    </artifact>
    <artifact classifier='osgi.bundle' id='org.apache.commons.logging' version='1.0.4.v200904062259'>
      <properties size='2'>
        <property name='artifact.size' value='44210'/>
        <property name='download.size' value='44210'/>
      </properties>
    </artifact>
    <artifact classifier='osgi.bundle' id='javax.servlet' version='2.5.0.v200806031605'>
      <properties size='2'>
        <property name='artifact.size' value='117853'/>
        <property name='download.size' value='117853'/>
      </properties>
    </artifact>
    <artifact classifier='osgi.bundle' id='org.eclipse.equinox.p2.updatesite' version='1.0.101.R35x_20100105'>
      <properties size='2'>
        <property name='artifact.size' value='68344'/>
        <property name='download.size' value='68344'/>
      </properties>
    </artifact>
    <artifact classifier='osgi.bundle' id='org.eclipse.core.databinding' version='1.2.0.M20090819-0800'>
      <properties size='2'>
        <property name='artifact.size' value='203095'/>
        <property name='download.size' value='203095'/>
      </properties>
    </artifact>
    <artifact classifier='osgi.bundle' id='com.ibm.icu' version='4.0.1.v20090822'>
      <properties size='2'>
        <property name='artifact.size' value='5787493'/>
        <property name='download.size' value='5787493'/>
      </properties>
    </artifact>
    <artifact classifier='osgi.bundle' id='org.eclipse.ecf.identity' version='3.0.0.v20090831-1906'>
      <properties size='2'>
        <property name='artifact.size' value='53346'/>
        <property name='download.size' value='53346'/>
      </properties>
    </artifact>
    <artifact classifier='osgi.bundle' id='org.eclipse.equinox.app' version='1.2.1.R35x_v20091203'>
      <properties size='2'>
        <property name='artifact.size' value='82917'/>
        <property name='download.size' value='82917'/>
      </properties>
    </artifact>
    <artifact classifier='osgi.bundle' id='org.eclipse.equinox.p2.updatechecker' version='1.1.0.v20090520-1905'>
      <properties size='2'>
        <property name='artifact.size' value='15028'/>
        <property name='download.size' value='15028'/>
      </properties>
    </artifact>
    <artifact classifier='osgi.bundle' id='com.skratchdot.electribe.model.esx.preferences' version='1.0.0.201003072304'>
      <properties size='2'>
        <property name='artifact.size' value='4096'/>
        <property name='download.size' value='13742'/>
      </properties>
    </artifact>
    <artifact classifier='osgi.bundle' id='org.sat4j.core' version='2.1.1.v20090825'>
      <properties size='2'>
        <property name='artifact.size' value='181819'/>
        <property name='download.size' value='181819'/>
      </properties>
    </artifact>
    <artifact classifier='osgi.bundle' id='org.apache.commons.httpclient' version='3.1.0.v20080605-1935'>
      <properties size='2'>
        <property name='artifact.size' value='320150'/>
        <property name='download.size' value='320150'/>
      </properties>
    </artifact>
    <artifact classifier='osgi.bundle' id='org.eclipse.ui.views' version='3.4.1.M20090826-0800'>
      <properties size='2'>
        <property name='artifact.size' value='88031'/>
        <property name='download.size' value='88031'/>
      </properties>
    </artifact>
    <artifact classifier='osgi.bundle' id='org.eclipse.team.core' version='3.5.1.r35x_20100113-0800'>
      <properties size='2'>
        <property name='artifact.size' value='386229'/>
        <property name='download.size' value='386229'/>
      </properties>
    </artifact>
    <artifact classifier='osgi.bundle' id='com.skratchdot.riff.wav' version='1.0.0.201003072304'>
      <properties size='2'>
        <property name='artifact.size' value='4096'/>
        <property name='download.size' value='112445'/>
      </properties>
    </artifact>
    <artifact classifier='org.eclipse.update.feature' id='com.skratchdot.electribe.features.main.os' version='1.0.0.201003072304'>
      <properties size='1'>
        <property name='download.size' value='813'/>
      </properties>
      <repositoryProperties size='1'>
        <property name='artifact.folder' value='true'/>
      </repositoryProperties>
    </artifact>
    <artifact classifier='osgi.bundle' id='org.eclipse.core.net.linux.x86' version='1.1.0.I20081021'>
      <properties size='2'>
        <property name='artifact.size' value='36747'/>
        <property name='download.size' value='36747'/>
      </properties>
    </artifact>
    <artifact classifier='osgi.bundle' id='org.eclipse.jface.text' version='3.5.2.r352_v20091118-0800'>
      <properties size='2'>
        <property name='artifact.size' value='971641'/>
        <property name='download.size' value='971641'/>
      </properties>
    </artifact>
    <artifact classifier='osgi.bundle' id='org.eclipse.persistence.jpa.equinox.weaving' version='1.1.3.v20091002-r5404'>
      <properties size='2'>
        <property name='artifact.size' value='22359'/>
        <property name='download.size' value='22359'/>
      </properties>
    </artifact>
    <artifact classifier='osgi.bundle' id='org.sat4j.pb' version='2.1.1.v20090825'>
      <properties size='2'>
        <property name='artifact.size' value='111987'/>
        <property name='download.size' value='111987'/>
      </properties>
    </artifact>
    <artifact classifier='osgi.bundle' id='org.eclipse.core.filesystem' version='1.2.1.R35x_v20091203-1235'>
      <properties size='2'>
        <property name='artifact.size' value='45643'/>
        <property name='download.size' value='45643'/>
      </properties>
    </artifact>
    <artifact classifier='osgi.bundle' id='javax.transaction' version='1.1.1.v201002111330'>
      <properties size='2'>
        <property name='artifact.size' value='29055'/>
        <property name='download.size' value='29055'/>
      </properties>
    </artifact>
    <artifact classifier='osgi.bundle' id='org.eclipse.equinox.p2.artifact.repository' version='1.0.101.R35x_v20090721'>
      <properties size='2'>
        <property name='artifact.size' value='156491'/>
        <property name='download.size' value='156491'/>
      </properties>
    </artifact>
    <artifact classifier='osgi.bundle' id='org.eclipse.equinox.p2.engine' version='1.0.102.R35x_v20091117'>
      <properties size='2'>
        <property name='artifact.size' value='159626'/>
        <property name='download.size' value='159626'/>
      </properties>
    </artifact>
    <artifact classifier='osgi.bundle' id='org.eclipse.equinox.p2.metadata.repository' version='1.0.101.R35x_v20090812'>
      <properties size='2'>
        <property name='artifact.size' value='125079'/>
        <property name='download.size' value='125079'/>
      </properties>
    </artifact>
    <artifact classifier='osgi.bundle' id='org.eclipse.equinox.p2.ui.sdk.scheduler' version='1.0.0.v20090520-1905'>
      <properties size='2'>
        <property name='artifact.size' value='62964'/>
        <property name='download.size' value='62964'/>
      </properties>
    </artifact>
    <artifact classifier='osgi.bundle' id='org.eclipse.core.runtime' version='3.5.0.v20090525'>
      <properties size='2'>
        <property name='artifact.size' value='69761'/>
        <property name='download.size' value='69761'/>
      </properties>
    </artifact>
    <artifact classifier='osgi.bundle' id='org.eclipse.equinox.p2.director' version='1.0.101.R35x_v20100112'>
      <properties size='2'>
        <property name='artifact.size' value='89037'/>
        <property name='download.size' value='89037'/>
      </properties>
    </artifact>
    <artifact classifier='osgi.bundle' id='org.eclipse.core.jobs' version='3.4.100.v20090429-1800'>
      <properties size='2'>
        <property name='artifact.size' value='81848'/>
        <property name='download.size' value='81848'/>
      </properties>
    </artifact>
    <artifact classifier='osgi.bundle' id='com.skratchdot.electribe.audioplayer' version='1.0.0.201003072304'>
      <properties size='2'>
        <property name='artifact.size' value='8192'/>
        <property name='download.size' value='302636'/>
      </properties>
    </artifact>
    <artifact classifier='osgi.bundle' id='org.eclipse.emf.databinding' version='1.1.0.v200906151043'>
      <properties size='2'>
        <property name='artifact.size' value='65566'/>
        <property name='download.size' value='65566'/>
      </properties>
    </artifact>
    <artifact classifier='osgi.bundle' id='org.eclipse.ecf.provider.filetransfer' version='3.0.1.v20090831-1906'>
      <properties size='2'>
        <property name='artifact.size' value='121007'/>
        <property name='download.size' value='121007'/>
      </properties>
    </artifact>
    <artifact classifier='osgi.bundle' id='org.apache.commons.lang' version='2.1.0.v200803061811'>
      <properties size='2'>
        <property name='artifact.size' value='222431'/>
        <property name='download.size' value='222431'/>
      </properties>
    </artifact>
    <artifact classifier='osgi.bundle' id='org.eclipse.equinox.p2.metadata' version='1.0.101.R35x_v20100112'>
      <properties size='2'>
        <property name='artifact.size' value='54681'/>
        <property name='download.size' value='54681'/>
      </properties>
    </artifact>
    <artifact classifier='osgi.bundle' id='org.eclipse.ui.workbench' version='3.5.2.M20100113-0800'>
      <properties size='2'>
        <property name='artifact.size' value='4072243'/>
        <property name='download.size' value='4072243'/>
      </properties>
    </artifact>
    <artifact classifier='osgi.bundle' id='com.skratchdot.electribe.model.esx.edit' version='1.0.0.201003072304'>
      <properties size='2'>
        <property name='artifact.size' value='4096'/>
        <property name='download.size' value='121405'/>
      </properties>
    </artifact>
    <artifact classifier='osgi.bundle' id='com.skratchdot.electribe.fileexplorer' version='1.0.0.201003072304'>
      <properties size='2'>
        <property name='artifact.size' value='4096'/>
        <property name='download.size' value='119630'/>
      </properties>
    </artifact>
    <artifact classifier='osgi.bundle' id='org.eclipse.equinox.p2.core' version='1.0.101.R35x_v20090819'>
      <properties size='2'>
        <property name='artifact.size' value='125324'/>
        <property name='download.size' value='125324'/>
      </properties>
    </artifact>
    <artifact classifier='osgi.bundle' id='org.eclipse.ecf.provider.filetransfer.httpclient' version='3.0.1.v20090831-1906'>
      <properties size='2'>
        <property name='artifact.size' value='64876'/>
        <property name='download.size' value='64876'/>
      </properties>
    </artifact>
    <artifact classifier='osgi.bundle' id='org.eclipse.jface.databinding' version='1.3.1.M20090826-0800'>
      <properties size='2'>
        <property name='artifact.size' value='263837'/>
        <property name='download.size' value='263837'/>
      </properties>
    </artifact>
    <artifact classifier='osgi.bundle' id='org.apache.commons.codec' version='1.3.0.v20080530-1600'>
      <properties size='2'>
        <property name='artifact.size' value='53772'/>
        <property name='download.size' value='53772'/>
      </properties>
    </artifact>
    <artifact classifier='osgi.bundle' id='org.eclipse.ui' version='3.5.2.M20100120-0800'>
      <properties size='2'>
        <property name='artifact.size' value='150566'/>
        <property name='download.size' value='150566'/>
      </properties>
    </artifact>
    <artifact classifier='osgi.bundle' id='org.eclipse.equinox.preferences' version='3.2.301.R35x_v20091117'>
      <properties size='2'>
        <property name='artifact.size' value='106711'/>
        <property name='download.size' value='106711'/>
      </properties>
    </artifact>
    <artifact classifier='osgi.bundle' id='org.eclipse.emf.ecore.change' version='2.5.0.v200906151043'>
      <properties size='2'>
        <property name='artifact.size' value='82273'/>
        <property name='download.size' value='82273'/>
      </properties>
    </artifact>
    <artifact classifier='osgi.bundle' id='org.eclipse.help' version='3.4.1.v20090805_35x'>
      <properties size='2'>
        <property name='artifact.size' value='218339'/>
        <property name='download.size' value='218339'/>
      </properties>
    </artifact>
    <artifact classifier='osgi.bundle' id='org.eclipse.ecf.provider.filetransfer.httpclient.ssl' version='1.0.0.v20090831-1906'>
      <properties size='2'>
        <property name='artifact.size' value='15576'/>
        <property name='download.size' value='15576'/>
      </properties>
    </artifact>
    <artifact classifier='osgi.bundle' id='org.eclipse.equinox.security.ui' version='1.0.100.v20090520-1800'>
      <properties size='2'>
        <property name='artifact.size' value='212913'/>
        <property name='download.size' value='212913'/>
      </properties>
    </artifact>
    <artifact classifier='osgi.bundle' id='org.eclipse.equinox.p2.extensionlocation' version='1.0.100.v20090520-1905'>
      <properties size='2'>
        <property name='artifact.size' value='30839'/>
        <property name='download.size' value='30839'/>
      </properties>
    </artifact>
    <artifact classifier='osgi.bundle' id='org.eclipse.equinox.p2.directorywatcher' version='1.0.100.v20090525'>
      <properties size='2'>
        <property name='artifact.size' value='27583'/>
        <property name='download.size' value='27583'/>
      </properties>
    </artifact>
    <artifact classifier='osgi.bundle' id='org.eclipse.equinox.simpleconfigurator.manipulator' version='1.0.101.R35x_v20100209'>
      <properties size='2'>
        <property name='artifact.size' value='22539'/>
        <property name='download.size' value='22539'/>
      </properties>
    </artifact>
    <artifact classifier='osgi.bundle' id='org.eclipse.emf.ecore.xmi' version='2.5.0.v200906151043'>
      <properties size='2'>
        <property name='artifact.size' value='217802'/>
        <property name='download.size' value='217802'/>
      </properties>
    </artifact>
    <artifact classifier='osgi.bundle' id='org.eclipse.text' version='3.5.0.v20090513-2000'>
      <properties size='2'>
        <property name='artifact.size' value='245732'/>
        <property name='download.size' value='245732'/>
      </properties>
    </artifact>
    <artifact classifier='osgi.bundle' id='org.eclipse.core.databinding.property' version='1.2.0.M20090819-0800'>
      <properties size='2'>
        <property name='artifact.size' value='176643'/>
        <property name='download.size' value='176643'/>
      </properties>
    </artifact>
    <artifact classifier='osgi.bundle' id='org.eclipse.core.variables' version='3.2.200.v20090521'>
      <properties size='2'>
        <property name='artifact.size' value='31660'/>
        <property name='download.size' value='31660'/>
      </properties>
    </artifact>
    <artifact classifier='osgi.bundle' id='org.eclipse.core.databinding.observable' version='1.2.0.M20090902-0800'>
      <properties size='2'>
        <property name='artifact.size' value='283349'/>
        <property name='download.size' value='283349'/>
      </properties>
    </artifact>
    <artifact classifier='osgi.bundle' id='org.eclipse.equinox.p2.publisher' version='1.0.1.R35x_20100105'>
      <properties size='2'>
        <property name='artifact.size' value='269686'/>
        <property name='download.size' value='269686'/>
      </properties>
    </artifact>
    <artifact classifier='osgi.bundle' id='org.eclipse.equinox.p2.ui' version='1.0.101.R35x_v20090819'>
      <properties size='2'>
        <property name='artifact.size' value='543635'/>
        <property name='download.size' value='543635'/>
      </properties>
    </artifact>
    <artifact classifier='osgi.bundle' id='org.eclipse.swt' version='3.5.2.v3557f'>
      <properties size='2'>
        <property name='artifact.size' value='17324'/>
        <property name='download.size' value='17324'/>
      </properties>
    </artifact>
    <artifact classifier='osgi.bundle' id='org.eclipse.equinox.simpleconfigurator' version='1.0.101.R35x_v20090807-1100'>
      <properties size='2'>
        <property name='artifact.size' value='37632'/>
        <property name='download.size' value='37632'/>
      </properties>
    </artifact>
    <artifact classifier='osgi.bundle' id='org.eclipse.emf.ecore' version='2.5.0.v200906151043'>
      <properties size='2'>
        <property name='artifact.size' value='1055171'/>
        <property name='download.size' value='1055171'/>
      </properties>
    </artifact>
    <artifact classifier='osgi.bundle' id='org.eclipse.emf.common' version='2.5.0.v200906151043'>
      <properties size='2'>
        <property name='artifact.size' value='203580'/>
        <property name='download.size' value='203580'/>
      </properties>
    </artifact>
    <artifact classifier='org.eclipse.update.feature' id='com.skratchdot.electribe.features.main' version='1.0.0.201003072304'>
      <properties size='1'>
        <property name='download.size' value='1955'/>
      </properties>
      <repositoryProperties size='1'>
        <property name='artifact.folder' value='true'/>
      </repositoryProperties>
    </artifact>
    <artifact classifier='osgi.bundle' id='org.eclipse.core.resources' version='3.5.2.R35x_v20091203-1235'>
      <properties size='2'>
        <property name='artifact.size' value='707302'/>
        <property name='download.size' value='707302'/>
      </properties>
    </artifact>
    <artifact classifier='osgi.bundle' id='org.eclipse.core.commands' version='3.5.0.I20090525-2000'>
      <properties size='2'>
        <property name='artifact.size' value='105796'/>
        <property name='download.size' value='105796'/>
      </properties>
    </artifact>
    <artifact classifier='osgi.bundle' id='org.eclipse.core.expressions' version='3.4.101.R35x_v20100209'>
      <properties size='2'>
        <property name='artifact.size' value='86941'/>
        <property name='download.size' value='86941'/>
      </properties>
    </artifact>
    <artifact classifier='osgi.bundle' id='org.eclipse.ecf.filetransfer' version='3.0.0.v20090831-1906'>
      <properties size='2'>
        <property name='artifact.size' value='48463'/>
        <property name='download.size' value='48463'/>
      </properties>
    </artifact>
    <artifact classifier='osgi.bundle' id='org.eclipse.ant.core' version='3.2.101.v20091110_r352'>
      <properties size='2'>
        <property name='artifact.size' value='97442'/>
        <property name='download.size' value='97442'/>
      </properties>
    </artifact>
    <artifact classifier='osgi.bundle' id='org.eclipse.equinox.p2.repository' version='1.0.1.R35x_v20100105'>
      <properties size='2'>
        <property name='artifact.size' value='107966'/>
        <property name='download.size' value='107966'/>
      </properties>
    </artifact>
    <artifact classifier='osgi.bundle' id='org.eclipse.osgi' version='3.5.2.R35x_v20100126'>
      <properties size='2'>
        <property name='artifact.size' value='1127657'/>
        <property name='download.size' value='1127657'/>
      </properties>
    </artifact>
    <artifact classifier='osgi.bundle' id='org.eclipse.core.resources.compatibility' version='3.4.1.R35x_v20100113-0530'>
      <properties size='2'>
        <property name='artifact.size' value='122554'/>
        <property name='download.size' value='122554'/>
      </properties>
    </artifact>
    <artifact classifier='osgi.bundle' id='org.eclipse.osgi.services' version='3.2.0.v20090520-1800'>
      <properties size='2'>
        <property name='artifact.size' value='66065'/>
        <property name='download.size' value='66065'/>
      </properties>
    </artifact>
    <artifact classifier='osgi.bundle' id='org.eclipse.equinox.common' version='3.5.1.R35x_v20090807-1100'>
      <properties size='2'>
        <property name='artifact.size' value='99448'/>
        <property name='download.size' value='99448'/>
      </properties>
    </artifact>
    <artifact classifier='osgi.bundle' id='org.eclipse.emf.databinding.edit' version='1.1.0.v200906151043'>
      <properties size='2'>
        <property name='artifact.size' value='37261'/>
        <property name='download.size' value='37261'/>
      </properties>
    </artifact>
    <artifact classifier='osgi.bundle' id='org.eclipse.jface' version='3.5.2.M20100120-0800'>
      <properties size='2'>
        <property name='artifact.size' value='1059744'/>
        <property name='download.size' value='1059744'/>
      </properties>
    </artifact>
    <artifact classifier='osgi.bundle' id='com.skratchdot.electribe.model.esx' version='1.0.0.201003072304'>
      <properties size='2'>
        <property name='artifact.size' value='4096'/>
        <property name='download.size' value='357490'/>
      </properties>
    </artifact>
    <artifact classifier='osgi.bundle' id='org.eclipse.emf.edit.ui' version='2.5.0.v200906151043'>
      <properties size='2'>
        <property name='artifact.size' value='159959'/>
        <property name='download.size' value='159959'/>
      </properties>
    </artifact>
    <artifact classifier='osgi.bundle' id='org.eclipse.core.runtime.compatibility.registry' version='3.2.200.v20090429-1800'>
      <properties size='2'>
        <property name='artifact.size' value='4096'/>
        <property name='download.size' value='14383'/>
      </properties>
      <repositoryProperties size='1'>
        <property name='artifact.folder' value='true'/>
      </repositoryProperties>
    </artifact>
    <artifact classifier='osgi.bundle' id='org.eclipse.equinox.security' version='1.0.100.v20090520-1800'>
      <properties size='2'>
        <property name='artifact.size' value='104691'/>
        <property name='download.size' value='104691'/>
      </properties>
    </artifact>
    <artifact classifier='osgi.bundle' id='org.eclipse.ecf.provider.filetransfer.ssl' version='1.0.0.v20090831-1906'>
      <properties size='2'>
        <property name='artifact.size' value='7278'/>
        <property name='download.size' value='7278'/>
      </properties>
    </artifact>
    <artifact classifier='osgi.bundle' id='org.eclipse.equinox.launcher' version='1.0.201.R35x_v20090715'>
      <properties size='2'>
        <property name='artifact.size' value='44817'/>
        <property name='download.size' value='44817'/>
      </properties>
    </artifact>
    <artifact classifier='osgi.bundle' id='org.eclipse.ecf.ssl' version='1.0.0.v20090831-1906'>
      <properties size='2'>
        <property name='artifact.size' value='10374'/>
        <property name='download.size' value='10374'/>
      </properties>
    </artifact>
    <artifact classifier='osgi.bundle' id='org.eclipse.equinox.p2.touchpoint.eclipse' version='1.0.101.R35x_20090820-1821'>
      <properties size='2'>
        <property name='artifact.size' value='108216'/>
        <property name='download.size' value='108216'/>
      </properties>
    </artifact>
    <artifact classifier='osgi.bundle' id='org.eclipse.equinox.registry' version='3.4.100.v20090520-1800'>
      <properties size='2'>
        <property name='artifact.size' value='173316'/>
        <property name='download.size' value='173316'/>
      </properties>
    </artifact>
    <artifact classifier='osgi.bundle' id='org.eclipse.core.contenttype' version='3.4.1.R35x_v20090826-0451'>
      <properties size='2'>
        <property name='artifact.size' value='87505'/>
        <property name='download.size' value='87505'/>
      </properties>
    </artifact>
    <artifact classifier='osgi.bundle' id='org.eclipse.core.filesystem.linux.x86' version='1.3.0.R35x_v20091203-1235'>
      <properties size='2'>
        <property name='artifact.size' value='9578'/>
        <property name='download.size' value='9578'/>
      </properties>
    </artifact>
    <artifact classifier='osgi.bundle' id='org.eclipse.equinox.p2.jarprocessor' version='1.0.100.v20090520-1905'>
      <properties size='2'>
        <property name='artifact.size' value='61364'/>
        <property name='download.size' value='61364'/>
      </properties>
    </artifact>
    <artifact classifier='osgi.bundle' id='org.eclipse.equinox.p2.ui.sdk' version='1.0.100.v20090520-1905'>
      <properties size='2'>
        <property name='artifact.size' value='34768'/>
        <property name='download.size' value='34768'/>
      </properties>
    </artifact>
  </artifacts>
</repository>
